<?xml version="1.0" encoding="UTF-8"?>
<alfresco>
      <model>alfresco/dictionaryModel.xml</model>
      <model>alfresco/applicationModel.xml</model>
      <model>alfresco/blogIntegrationModel.xml</model>
      <model>alfresco/calendarModel.xml</model>
      <model>alfresco/contentModel.xml</model>
      <model>alfresco/datalistModel.xml</model>
      <model>alfresco/emailServerModel.xml</model>
      <model>alfresco/forumModel.xml</model>
      <model>alfresco/imapModel.xml</model>
      <model>alfresco/linksModel.xml</model>
      <model>alfresco/siteModel.xml</model>
      <model>alfresco/systemModel.xml</model>
      <model>alfresco/transferModel.xml</model>
      <model>alfresco/wcmAppModel.xml</model>
      <model>alfresco/wcmModel.xml</model>
      <messages>alfresco/dataTypeAnalyzers.properties</messages>
</alfresco>