<?xml version="1.0" encoding="UTF-8"?>
<schema name="alfresco" version="1.0">
   <types>
      <fieldType name="alfrescoDataType" class="org.alfresco.solr.AlfrescoDataType"></fieldType>
   </types>
   <fields>
      <field name="ISCATEGORY" type="alfrescoDataType" indexed="true" omitNorms="true" stored="true" multiValued="false"></field>
      <field name="PARENT" type="alfrescoDataType" indexed="true" omitNorms="true" stored="true" multiValued="true"></field>
      <field name="QNAME" type="alfrescoDataType" indexed="true" stored="true" multiValued="true"></field>
      <field name="PRIMARYPARENT" type="alfrescoDataType" indexed="true" omitNorms="true" stored="true" multiValued="false"></field>
      <field name="ASSOCTYPEQNAME" type="alfrescoDataType" indexed="true" stored="true" multiValued="true"></field>
      <field name="PATH" type="alfrescoDataType" indexed="true" omitNorms="true" stored="true" multiValued="true"></field>
      <field name="FTSSTATUS" type="alfrescoDataType" indexed="true" omitNorms="true" stored="false" multiValued="false"></field>
      <field name="PRIMARYASSOCTYPEQNAME" type="alfrescoDataType" indexed="true" stored="true" multiValued="false"></field>
      <field name="DBID" type="alfrescoDataType" indexed="true" omitNorms="true" stored="true" multiValued="false"></field>
      <field name="ANCESTOR" type="alfrescoDataType" indexed="true" omitNorms="true" stored="false" multiValued="true"></field>
      <field name="ID" type="alfrescoDataType" indexed="true" omitNorms="true" stored="true" multiValued="true"></field>
      <field name="TX" type="alfrescoDataType" indexed="true" omitNorms="true" stored="true" multiValued="false"></field>
      <field name="ISCONTAINER" type="alfrescoDataType" indexed="true" omitNorms="true" stored="true" multiValued="false"></field>
      <field name="LINKASPECT" type="alfrescoDataType" indexed="true" omitNorms="true" stored="true" multiValued="true"></field>
      <field name="ASPECT" type="alfrescoDataType" indexed="true" omitNorms="true" stored="true" multiValued="true"></field>
      <field name="TYPE" type="alfrescoDataType" indexed="true" omitNorms="true" stored="true" multiValued="false"></field>
      <field name="ISROOT" type="alfrescoDataType" indexed="true" omitNorms="true" stored="false" multiValued="false"></field>
      <field name="ISNODE" type="alfrescoDataType" indexed="true" omitNorms="true" stored="true" multiValued="false"></field>
      <field name="@{http://www.alfresco.org/model/transfer/1.0}username" type="alfrescoDataType" indexed="true" stored="false" multiValued="false"></field>
      <field name="@{http://www.alfresco.org/model/transfer/1.0}repositoryId" type="alfrescoDataType" indexed="true" stored="false" multiValued="false"></field>
      <field name="@{http://www.alfresco.org/model/transfer/1.0}password" type="alfrescoDataType" indexed="false" stored="false" multiValued="false"></field>
      <field name="@{http://www.alfresco.org/model/transfer/1.0}transferId" type="alfrescoDataType" indexed="true" stored="false" multiValued="false"></field>
      <field name="@{http://www.alfresco.org/model/transfer/1.0}enabled" type="alfrescoDataType" indexed="true" stored="false" multiValued="false"></field>
      <field name="@{http://www.alfresco.org/model/transfer/1.0}invadedBy" type="alfrescoDataType" indexed="true" stored="false" multiValued="true"></field>
      <field name="@{http://www.alfresco.org/model/transfer/1.0}endpointport" type="alfrescoDataType" indexed="true" stored="false" multiValued="false"></field>
      <field name="@{http://www.alfresco.org/model/transfer/1.0}endpointprotocol" type="alfrescoDataType" indexed="true" stored="false" multiValued="false"></field>
      <field name="@{http://www.alfresco.org/model/transfer/1.0}transferStatus" type="alfrescoDataType" indexed="true" stored="false" multiValued="false"></field>
      <field name="@{http://www.alfresco.org/model/transfer/1.0}endpointpath" type="alfrescoDataType" indexed="true" stored="false" multiValued="false"></field>
      <field name="@{http://www.alfresco.org/model/transfer/1.0}progressPosition" type="alfrescoDataType" indexed="true" stored="false" multiValued="false"></field>
      <field name="@{http://www.alfresco.org/model/transfer/1.0}transferError" type="alfrescoDataType" indexed="true" stored="false" multiValued="false"></field>
      <field name="@{http://www.alfresco.org/model/transfer/1.0}progressEndpoint" type="alfrescoDataType" indexed="true" stored="false" multiValued="false"></field>
      <field name="@{http://www.alfresco.org/model/transfer/1.0}endpointhost" type="alfrescoDataType" indexed="true" stored="false" multiValued="false"></field>
      <field name="@{http://www.alfresco.org/model/transfer/1.0}fromRepositoryId" type="alfrescoDataType" indexed="true" stored="false" multiValued="false"></field>
      <field name="@{http://www.alfresco.org/model/wcmmodel/1.0}revertedid" type="alfrescoDataType" indexed="true" stored="false" multiValued="false"></field>
      <field name="@{http://www.alfresco.org/model/wcmmodel/1.0}avmfileindirection" type="alfrescoDataType" indexed="true" stored="false" multiValued="false"></field>
      <field name="@{http://www.alfresco.org/model/wcmmodel/1.0}avmdirindirection" type="alfrescoDataType" indexed="true" stored="false" multiValued="false"></field>
      <field name="@{http://www.alfresco.org/model/emailserver/1.0}alias" type="alfrescoDataType" indexed="true" stored="false" multiValued="false"></field>
      <field name="@{http://www.alfresco.org/model/system/1.0}archivedOriginalParentAssoc" type="alfrescoDataType" indexed="true" stored="false" multiValued="false"></field>
      <field name="@{http://www.alfresco.org/model/system/1.0}versionProperties" type="alfrescoDataType" indexed="true" stored="false" multiValued="false"></field>
      <field name="@{http://www.alfresco.org/model/system/1.0}versionRevision" type="alfrescoDataType" indexed="true" stored="false" multiValued="false"></field>
      <field name="@{http://www.alfresco.org/model/system/1.0}node-dbid" type="alfrescoDataType" indexed="true" stored="false" multiValued="false"></field>
      <field name="@{http://www.alfresco.org/model/system/1.0}store-identifier" type="alfrescoDataType" indexed="true" stored="false" multiValued="false"></field>
      <field name="@{http://www.alfresco.org/model/system/1.0}archivedTargetAssocs" type="alfrescoDataType" indexed="false" stored="false" multiValued="true"></field>
      <field name="@{http://www.alfresco.org/model/system/1.0}locale" type="alfrescoDataType" indexed="true" stored="false" multiValued="false"></field>
      <field name="@{http://www.alfresco.org/model/system/1.0}archivedParentAssocs" type="alfrescoDataType" indexed="false" stored="false" multiValued="true"></field>
      <field name="@{http://www.alfresco.org/model/system/1.0}archivedOriginalOwner" type="alfrescoDataType" indexed="true" stored="false" multiValued="false"></field>
      <field name="@{http://www.alfresco.org/model/system/1.0}name" type="alfrescoDataType" indexed="true" stored="false" multiValued="false"></field>
      <field name="@{http://www.alfresco.org/model/system/1.0}archivedBy" type="alfrescoDataType" indexed="true" stored="false" multiValued="false"></field>
      <field name="@{http://www.alfresco.org/model/system/1.0}archivedDate" type="alfrescoDataType" indexed="true" stored="false" multiValued="false"></field>
      <field name="@{http://www.alfresco.org/model/system/1.0}archivedDate.sort" type="alfrescoDataType" indexed="true" stored="false" multiValued="false"></field>
      <field name="@{http://www.alfresco.org/model/system/1.0}versionLabel" type="alfrescoDataType" indexed="true" stored="false" multiValued="false"></field>
      <field name="@{http://www.alfresco.org/model/system/1.0}versionMajor" type="alfrescoDataType" indexed="true" stored="false" multiValued="false"></field>
      <field name="@{http://www.alfresco.org/model/system/1.0}archivedSourceAssocs" type="alfrescoDataType" indexed="false" stored="false" multiValued="true"></field>
      <field name="@{http://www.alfresco.org/model/system/1.0}archivedChildAssocs" type="alfrescoDataType" indexed="false" stored="false" multiValued="true"></field>
      <field name="@{http://www.alfresco.org/model/system/1.0}versionEdition" type="alfrescoDataType" indexed="true" stored="false" multiValued="false"></field>
      <field name="@{http://www.alfresco.org/model/system/1.0}versionSchema" type="alfrescoDataType" indexed="true" stored="false" multiValued="false"></field>
      <field name="@{http://www.alfresco.org/model/system/1.0}node-uuid" type="alfrescoDataType" indexed="true" stored="false" multiValued="false"></field>
      <field name="@{http://www.alfresco.org/model/system/1.0}reference" type="alfrescoDataType" indexed="true" stored="false" multiValued="false"></field>
      <field name="@{http://www.alfresco.org/model/system/1.0}versionBuild" type="alfrescoDataType" indexed="true" stored="false" multiValued="false"></field>
      <field name="@{http://www.alfresco.org/model/system/1.0}versionMinor" type="alfrescoDataType" indexed="true" stored="false" multiValued="false"></field>
      <field name="@{http://www.alfresco.org/model/system/1.0}store-protocol" type="alfrescoDataType" indexed="true" stored="false" multiValued="false"></field>
      <field name="@{http://www.alfresco.org/model/imap/1.0}messageSubject" type="alfrescoDataType" indexed="true" stored="false" multiValued="false"></field>
      <field name="@{http://www.alfresco.org/model/imap/1.0}attachID" type="alfrescoDataType" indexed="true" stored="false" multiValued="false"></field>
      <field name="@{http://www.alfresco.org/model/imap/1.0}dateSent" type="alfrescoDataType" indexed="true" stored="false" multiValued="false"></field>
      <field name="@{http://www.alfresco.org/model/imap/1.0}flagFlagged" type="alfrescoDataType" indexed="true" stored="false" multiValued="false"></field>
      <field name="@{http://www.alfresco.org/model/imap/1.0}messageId" type="alfrescoDataType" indexed="true" stored="false" multiValued="false"></field>
      <field name="@{http://www.alfresco.org/model/imap/1.0}messageTo" type="alfrescoDataType" indexed="true" stored="false" multiValued="false"></field>
      <field name="@{http://www.alfresco.org/model/imap/1.0}flagAnswered" type="alfrescoDataType" indexed="true" stored="false" multiValued="false"></field>
      <field name="@{http://www.alfresco.org/model/imap/1.0}nonSubscribed" type="alfrescoDataType" indexed="true" stored="false" multiValued="false"></field>
      <field name="@{http://www.alfresco.org/model/imap/1.0}flagDraft" type="alfrescoDataType" indexed="true" stored="false" multiValued="false"></field>
      <field name="@{http://www.alfresco.org/model/imap/1.0}flagSeen" type="alfrescoDataType" indexed="true" stored="false" multiValued="false"></field>
      <field name="@{http://www.alfresco.org/model/imap/1.0}threadIndex" type="alfrescoDataType" indexed="true" stored="false" multiValued="false"></field>
      <field name="@{http://www.alfresco.org/model/imap/1.0}messageCc" type="alfrescoDataType" indexed="true" stored="false" multiValued="false"></field>
      <field name="@{http://www.alfresco.org/model/imap/1.0}messageFrom" type="alfrescoDataType" indexed="true" stored="false" multiValued="false"></field>
      <field name="@{http://www.alfresco.org/model/imap/1.0}selectable" type="alfrescoDataType" indexed="true" stored="false" multiValued="false"></field>
      <field name="@{http://www.alfresco.org/model/imap/1.0}flagDeleted" type="alfrescoDataType" indexed="true" stored="false" multiValued="false"></field>
      <field name="@{http://www.alfresco.org/model/imap/1.0}flagRecent" type="alfrescoDataType" indexed="true" stored="false" multiValued="false"></field>
      <field name="@{http://www.alfresco.org/model/imap/1.0}dateReceived" type="alfrescoDataType" indexed="true" stored="false" multiValued="false"></field>
      <field name="@{http://www.alfresco.org/model/calendar}whereEventDefault" type="alfrescoDataType" indexed="true" stored="false" multiValued="false"></field>
      <field name="@{http://www.alfresco.org/model/calendar}recurrenceRule" type="alfrescoDataType" indexed="true" stored="false" multiValued="false"></field>
      <field name="@{http://www.alfresco.org/model/calendar}recurrenceLastMeeting" type="alfrescoDataType" indexed="true" stored="false" multiValued="false"></field>
      <field name="@{http://www.alfresco.org/model/calendar}colorEvent" type="alfrescoDataType" indexed="true" stored="false" multiValued="false"></field>
      <field name="@{http://www.alfresco.org/model/calendar}fromDate" type="alfrescoDataType" indexed="true" stored="false" multiValued="false"></field>
      <field name="@{http://www.alfresco.org/model/calendar}fromDate.sort" type="alfrescoDataType" indexed="true" stored="false" multiValued="false"></field>
      <field name="@{http://www.alfresco.org/model/calendar}descriptionEvent" type="alfrescoDataType" indexed="true" stored="false" multiValued="false"></field>
      <field name="@{http://www.alfresco.org/model/calendar}isOutlook" type="alfrescoDataType" indexed="true" stored="false" multiValued="false"></field>
      <field name="@{http://www.alfresco.org/model/calendar}toDate" type="alfrescoDataType" indexed="true" stored="false" multiValued="false"></field>
      <field name="@{http://www.alfresco.org/model/calendar}toDate.sort" type="alfrescoDataType" indexed="true" stored="false" multiValued="false"></field>
      <field name="@{http://www.alfresco.org/model/calendar}whatEventDefault" type="alfrescoDataType" indexed="true" stored="false" multiValued="false"></field>
      <field name="@{http://www.alfresco.org/model/calendar}toDateDefault" type="alfrescoDataType" indexed="true" stored="false" multiValued="false"></field>
      <field name="@{http://www.alfresco.org/model/calendar}toDateDefault.sort" type="alfrescoDataType" indexed="true" stored="false" multiValued="false"></field>
      <field name="@{http://www.alfresco.org/model/calendar}fromDateDefault" type="alfrescoDataType" indexed="true" stored="false" multiValued="false"></field>
      <field name="@{http://www.alfresco.org/model/calendar}fromDateDefault.sort" type="alfrescoDataType" indexed="true" stored="false" multiValued="false"></field>
      <field name="@{http://www.alfresco.org/model/calendar}docFolder" type="alfrescoDataType" indexed="true" stored="false" multiValued="false"></field>
      <field name="@{http://www.alfresco.org/model/calendar}whatEvent" type="alfrescoDataType" indexed="true" stored="false" multiValued="false"></field>
      <field name="@{http://www.alfresco.org/model/calendar}whereEvent" type="alfrescoDataType" indexed="true" stored="false" multiValued="false"></field>
      <field name="@{http://www.alfresco.org/model/calendar}date" type="alfrescoDataType" indexed="true" stored="false" multiValued="false"></field>
      <field name="@{http://www.alfresco.org/model/calendar}colorEventDefault" type="alfrescoDataType" indexed="true" stored="false" multiValued="false"></field>
      <field name="@{http://www.alfresco.org/model/datalist/1.0}taskPriority" type="alfrescoDataType" indexed="true" stored="false" multiValued="false"></field>
      <field name="@{http://www.alfresco.org/model/datalist/1.0}taskComments" type="alfrescoDataType" indexed="true" stored="false" multiValued="false"></field>
      <field name="@{http://www.alfresco.org/model/datalist/1.0}eventAgendaNotes" type="alfrescoDataType" indexed="true" stored="false" multiValued="false"></field>
      <field name="@{http://www.alfresco.org/model/datalist/1.0}issuePriority" type="alfrescoDataType" indexed="true" stored="false" multiValued="false"></field>
      <field name="@{http://www.alfresco.org/model/datalist/1.0}eventAgendaAudience" type="alfrescoDataType" indexed="true" stored="false" multiValued="false"></field>
      <field name="@{http://www.alfresco.org/model/datalist/1.0}issueID" type="alfrescoDataType" indexed="true" stored="false" multiValued="false"></field>
      <field name="@{http://www.alfresco.org/model/datalist/1.0}todoNotes" type="alfrescoDataType" indexed="true" stored="false" multiValued="false"></field>
      <field name="@{http://www.alfresco.org/model/datalist/1.0}eventAgendaStartTime" type="alfrescoDataType" indexed="true" stored="false" multiValued="false"></field>
      <field name="@{http://www.alfresco.org/model/datalist/1.0}eventAgendaRef" type="alfrescoDataType" indexed="true" stored="false" multiValued="false"></field>
      <field name="@{http://www.alfresco.org/model/datalist/1.0}simpletaskDueDate" type="alfrescoDataType" indexed="true" stored="false" multiValued="false"></field>
      <field name="@{http://www.alfresco.org/model/datalist/1.0}eventAgendaPresenter" type="alfrescoDataType" indexed="true" stored="false" multiValued="false"></field>
      <field name="@{http://www.alfresco.org/model/datalist/1.0}meetingAgendaRef" type="alfrescoDataType" indexed="true" stored="false" multiValued="false"></field>
      <field name="@{http://www.alfresco.org/model/datalist/1.0}meetingAgendaOwner" type="alfrescoDataType" indexed="true" stored="false" multiValued="false"></field>
      <field name="@{http://www.alfresco.org/model/datalist/1.0}issueStatus" type="alfrescoDataType" indexed="true" stored="false" multiValued="false"></field>
      <field name="@{http://www.alfresco.org/model/datalist/1.0}contactFirstName" type="alfrescoDataType" indexed="true" stored="false" multiValued="false"></field>
      <field name="@{http://www.alfresco.org/model/datalist/1.0}eventAgendaEndTime" type="alfrescoDataType" indexed="true" stored="false" multiValued="false"></field>
      <field name="@{http://www.alfresco.org/model/datalist/1.0}locationAddress3" type="alfrescoDataType" indexed="true" stored="false" multiValued="false"></field>
      <field name="@{http://www.alfresco.org/model/datalist/1.0}ganttEndDate" type="alfrescoDataType" indexed="true" stored="false" multiValued="false"></field>
      <field name="@{http://www.alfresco.org/model/datalist/1.0}contactNotes" type="alfrescoDataType" indexed="true" stored="false" multiValued="false"></field>
      <field name="@{http://www.alfresco.org/model/datalist/1.0}locationState" type="alfrescoDataType" indexed="true" stored="false" multiValued="false"></field>
      <field name="@{http://www.alfresco.org/model/datalist/1.0}contactPhoneMobile" type="alfrescoDataType" indexed="true" stored="false" multiValued="false"></field>
      <field name="@{http://www.alfresco.org/model/datalist/1.0}contactPhoneOffice" type="alfrescoDataType" indexed="true" stored="false" multiValued="false"></field>
      <field name="@{http://www.alfresco.org/model/datalist/1.0}issueDueDate" type="alfrescoDataType" indexed="true" stored="false" multiValued="false"></field>
      <field name="@{http://www.alfresco.org/model/datalist/1.0}ganttPercentComplete" type="alfrescoDataType" indexed="true" stored="false" multiValued="false"></field>
      <field name="@{http://www.alfresco.org/model/datalist/1.0}eventLocation" type="alfrescoDataType" indexed="true" stored="false" multiValued="false"></field>
      <field name="@{http://www.alfresco.org/model/datalist/1.0}locationZip" type="alfrescoDataType" indexed="true" stored="false" multiValued="false"></field>
      <field name="@{http://www.alfresco.org/model/datalist/1.0}eventRegistrations" type="alfrescoDataType" indexed="true" stored="false" multiValued="false"></field>
      <field name="@{http://www.alfresco.org/model/datalist/1.0}contactJobTitle" type="alfrescoDataType" indexed="true" stored="false" multiValued="false"></field>
      <field name="@{http://www.alfresco.org/model/datalist/1.0}eventStartDate" type="alfrescoDataType" indexed="true" stored="false" multiValued="false"></field>
      <field name="@{http://www.alfresco.org/model/datalist/1.0}eventAgendaSessionName" type="alfrescoDataType" indexed="true" stored="false" multiValued="false"></field>
      <field name="@{http://www.alfresco.org/model/datalist/1.0}issueComments" type="alfrescoDataType" indexed="true" stored="false" multiValued="false"></field>
      <field name="@{http://www.alfresco.org/model/datalist/1.0}ganttStartDate" type="alfrescoDataType" indexed="true" stored="false" multiValued="false"></field>
      <field name="@{http://www.alfresco.org/model/datalist/1.0}simpletaskStatus" type="alfrescoDataType" indexed="true" stored="false" multiValued="false"></field>
      <field name="@{http://www.alfresco.org/model/datalist/1.0}taskStatus" type="alfrescoDataType" indexed="true" stored="false" multiValued="false"></field>
      <field name="@{http://www.alfresco.org/model/datalist/1.0}simpletaskComments" type="alfrescoDataType" indexed="true" stored="false" multiValued="false"></field>
      <field name="@{http://www.alfresco.org/model/datalist/1.0}locationAddress2" type="alfrescoDataType" indexed="true" stored="false" multiValued="false"></field>
      <field name="@{http://www.alfresco.org/model/datalist/1.0}contactCompany" type="alfrescoDataType" indexed="true" stored="false" multiValued="false"></field>
      <field name="@{http://www.alfresco.org/model/datalist/1.0}simpletaskPriority" type="alfrescoDataType" indexed="true" stored="false" multiValued="false"></field>
      <field name="@{http://www.alfresco.org/model/datalist/1.0}todoStatus" type="alfrescoDataType" indexed="true" stored="false" multiValued="false"></field>
      <field name="@{http://www.alfresco.org/model/datalist/1.0}dataListItemType" type="alfrescoDataType" indexed="true" stored="false" multiValued="false"></field>
      <field name="@{http://www.alfresco.org/model/datalist/1.0}eventNote" type="alfrescoDataType" indexed="true" stored="false" multiValued="false"></field>
      <field name="@{http://www.alfresco.org/model/datalist/1.0}todoTitle" type="alfrescoDataType" indexed="true" stored="false" multiValued="false"></field>
      <field name="@{http://www.alfresco.org/model/datalist/1.0}contactLastName" type="alfrescoDataType" indexed="true" stored="false" multiValued="false"></field>
      <field name="@{http://www.alfresco.org/model/datalist/1.0}todoDueDate" type="alfrescoDataType" indexed="true" stored="false" multiValued="false"></field>
      <field name="@{http://www.alfresco.org/model/datalist/1.0}locationCountry" type="alfrescoDataType" indexed="true" stored="false" multiValued="false"></field>
      <field name="@{http://www.alfresco.org/model/datalist/1.0}todoPriority" type="alfrescoDataType" indexed="true" stored="false" multiValued="false"></field>
      <field name="@{http://www.alfresco.org/model/datalist/1.0}contactEmail" type="alfrescoDataType" indexed="true" stored="false" multiValued="false"></field>
      <field name="@{http://www.alfresco.org/model/datalist/1.0}locationAddress1" type="alfrescoDataType" indexed="true" stored="false" multiValued="false"></field>
      <field name="@{http://www.alfresco.org/model/datalist/1.0}eventEndDate" type="alfrescoDataType" indexed="true" stored="false" multiValued="false"></field>
      <field name="@{http://www.alfresco.org/model/datalist/1.0}meetingAgendaTime" type="alfrescoDataType" indexed="true" stored="false" multiValued="false"></field>
      <field name="@{http://www.alfresco.org/model/linksmodel/1.0}isInternal" type="alfrescoDataType" indexed="true" stored="false" multiValued="false"></field>
      <field name="@{http://www.alfresco.org/model/linksmodel/1.0}title" type="alfrescoDataType" indexed="true" stored="false" multiValued="false"></field>
      <field name="@{http://www.alfresco.org/model/linksmodel/1.0}url" type="alfrescoDataType" indexed="true" stored="false" multiValued="false"></field>
      <field name="@{http://www.alfresco.org/model/linksmodel/1.0}description" type="alfrescoDataType" indexed="true" stored="false" multiValued="false"></field>
      <field name="@{http://www.alfresco.org/model/blogintegration/1.0}url" type="alfrescoDataType" indexed="true" stored="false" multiValued="false"></field>
      <field name="@{http://www.alfresco.org/model/blogintegration/1.0}postId" type="alfrescoDataType" indexed="true" stored="false" multiValued="false"></field>
      <field name="@{http://www.alfresco.org/model/blogintegration/1.0}posted" type="alfrescoDataType" indexed="true" stored="false" multiValued="false"></field>
      <field name="@{http://www.alfresco.org/model/blogintegration/1.0}id" type="alfrescoDataType" indexed="true" stored="false" multiValued="false"></field>
      <field name="@{http://www.alfresco.org/model/blogintegration/1.0}lastUpdate" type="alfrescoDataType" indexed="true" stored="false" multiValued="false"></field>
      <field name="@{http://www.alfresco.org/model/blogintegration/1.0}description" type="alfrescoDataType" indexed="true" stored="false" multiValued="false"></field>
      <field name="@{http://www.alfresco.org/model/blogintegration/1.0}userName" type="alfrescoDataType" indexed="true" stored="false" multiValued="false"></field>
      <field name="@{http://www.alfresco.org/model/blogintegration/1.0}name" type="alfrescoDataType" indexed="true" stored="false" multiValued="false"></field>
      <field name="@{http://www.alfresco.org/model/blogintegration/1.0}password" type="alfrescoDataType" indexed="true" stored="false" multiValued="false"></field>
      <field name="@{http://www.alfresco.org/model/blogintegration/1.0}blogImplementation" type="alfrescoDataType" indexed="true" stored="false" multiValued="false"></field>
      <field name="@{http://www.alfresco.org/model/blogintegration/1.0}link" type="alfrescoDataType" indexed="true" stored="false" multiValued="false"></field>
      <field name="@{http://www.alfresco.org/model/blogintegration/1.0}published" type="alfrescoDataType" indexed="true" stored="false" multiValued="false"></field>
      <field name="@{http://www.alfresco.org/model/wcmappmodel/1.0}selecteddeployversion" type="alfrescoDataType" indexed="true" stored="false" multiValued="false"></field>
      <field name="@{http://www.alfresco.org/model/wcmappmodel/1.0}workflowname" type="alfrescoDataType" indexed="true" stored="false" multiValued="false"></field>
      <field name="@{http://www.alfresco.org/model/wcmappmodel/1.0}workflowdefaultproperties" type="alfrescoDataType" indexed="false" stored="false" multiValued="false"></field>
      <field name="@{http://www.alfresco.org/model/wcmappmodel/1.0}deployservergroup" type="alfrescoDataType" indexed="true" stored="false" multiValued="false"></field>
      <field name="@{http://www.alfresco.org/model/wcmappmodel/1.0}deployexcludes" type="alfrescoDataType" indexed="true" stored="false" multiValued="false"></field>
      <field name="@{http://www.alfresco.org/model/wcmappmodel/1.0}outputpathpattern" type="alfrescoDataType" indexed="true" stored="false" multiValued="false"></field>
      <field name="@{http://www.alfresco.org/model/wcmappmodel/1.0}deploytype" type="alfrescoDataType" indexed="true" stored="false" multiValued="false"></field>
      <field name="@{http://www.alfresco.org/model/wcmappmodel/1.0}deployservertargetused" type="alfrescoDataType" indexed="true" stored="false" multiValued="false"></field>
      <field name="@{http://www.alfresco.org/model/wcmappmodel/1.0}deploysuccessful" type="alfrescoDataType" indexed="true" stored="false" multiValued="false"></field>
      <field name="@{http://www.alfresco.org/model/wcmappmodel/1.0}parentrenderingenginetemplate" type="alfrescoDataType" indexed="true" stored="false" multiValued="false"></field>
      <field name="@{http://www.alfresco.org/model/wcmappmodel/1.0}parentrenderingenginename" type="alfrescoDataType" indexed="true" stored="false" multiValued="false"></field>
      <field name="@{http://www.alfresco.org/model/wcmappmodel/1.0}renditions" type="alfrescoDataType" indexed="true" stored="false" multiValued="true"></field>
      <field name="@{http://www.alfresco.org/model/wcmappmodel/1.0}deployserverallocatedto" type="alfrescoDataType" indexed="true" stored="false" multiValued="false"></field>
      <field name="@{http://www.alfresco.org/model/wcmappmodel/1.0}deployserverhost" type="alfrescoDataType" indexed="true" stored="false" multiValued="false"></field>
      <field name="@{http://www.alfresco.org/model/wcmappmodel/1.0}deployendtime" type="alfrescoDataType" indexed="true" stored="false" multiValued="false"></field>
      <field name="@{http://www.alfresco.org/model/wcmappmodel/1.0}deployendtime.sort" type="alfrescoDataType" indexed="true" stored="false" multiValued="false"></field>
      <field name="@{http://www.alfresco.org/model/wcmappmodel/1.0}role" type="alfrescoDataType" indexed="true" stored="false" multiValued="false"></field>
      <field name="@{http://www.alfresco.org/model/wcmappmodel/1.0}deployservername" type="alfrescoDataType" indexed="true" stored="false" multiValued="false"></field>
      <field name="@{http://www.alfresco.org/model/wcmappmodel/1.0}deployserverurl" type="alfrescoDataType" indexed="true" stored="false" multiValued="false"></field>
      <field name="@{http://www.alfresco.org/model/wcmappmodel/1.0}mimetypeforrendition" type="alfrescoDataType" indexed="true" stored="false" multiValued="false"></field>
      <field name="@{http://www.alfresco.org/model/wcmappmodel/1.0}deployexcludesused" type="alfrescoDataType" indexed="true" stored="false" multiValued="false"></field>
      <field name="@{http://www.alfresco.org/model/wcmappmodel/1.0}originalparentpath" type="alfrescoDataType" indexed="true" stored="false" multiValued="false"></field>
      <field name="@{http://www.alfresco.org/model/wcmappmodel/1.0}selecteddeployto" type="alfrescoDataType" indexed="true" stored="false" multiValued="true"></field>
      <field name="@{http://www.alfresco.org/model/wcmappmodel/1.0}deployserverpassword" type="alfrescoDataType" indexed="true" stored="false" multiValued="false"></field>
      <field name="@{http://www.alfresco.org/model/wcmappmodel/1.0} deployserveradaptername" type="alfrescoDataType" indexed="true" stored="false" multiValued="false"></field>
      <field name="@{http://www.alfresco.org/model/wcmappmodel/1.0}deploystarttime" type="alfrescoDataType" indexed="true" stored="false" multiValued="false"></field>
      <field name="@{http://www.alfresco.org/model/wcmappmodel/1.0}deploystarttime.sort" type="alfrescoDataType" indexed="true" stored="false" multiValued="false"></field>
      <field name="@{http://www.alfresco.org/model/wcmappmodel/1.0}deployattemptversion" type="alfrescoDataType" indexed="true" stored="false" multiValued="false"></field>
      <field name="@{http://www.alfresco.org/model/wcmappmodel/1.0}deployserverurlused" type="alfrescoDataType" indexed="true" stored="false" multiValued="false"></field>
      <field name="@{http://www.alfresco.org/model/wcmappmodel/1.0}deployservertype" type="alfrescoDataType" indexed="true" stored="false" multiValued="false"></field>
      <field name="@{http://www.alfresco.org/model/wcmappmodel/1.0}deployservernameused" type="alfrescoDataType" indexed="true" stored="false" multiValued="false"></field>
      <field name="@{http://www.alfresco.org/model/wcmappmodel/1.0}deploysourcepathused" type="alfrescoDataType" indexed="true" stored="false" multiValued="false"></field>
      <field name="@{http://www.alfresco.org/model/wcmappmodel/1.0}deployserver" type="alfrescoDataType" indexed="true" stored="false" multiValued="false"></field>
      <field name="@{http://www.alfresco.org/model/wcmappmodel/1.0}deployto" type="alfrescoDataType" indexed="true" stored="false" multiValued="true"></field>
      <field name="@{http://www.alfresco.org/model/wcmappmodel/1.0}filenamepattern" type="alfrescoDataType" indexed="true" stored="false" multiValued="false"></field>
      <field name="@{http://www.alfresco.org/model/wcmappmodel/1.0}deployversion" type="alfrescoDataType" indexed="true" stored="false" multiValued="false"></field>
      <field name="@{http://www.alfresco.org/model/wcmappmodel/1.0}deployattempttime" type="alfrescoDataType" indexed="true" stored="false" multiValued="false"></field>
      <field name="@{http://www.alfresco.org/model/wcmappmodel/1.0}deployattempttime.sort" type="alfrescoDataType" indexed="true" stored="false" multiValued="false"></field>
      <field name="@{http://www.alfresco.org/model/wcmappmodel/1.0}expirationDate" type="alfrescoDataType" indexed="true" stored="false" multiValued="false"></field>
      <field name="@{http://www.alfresco.org/model/wcmappmodel/1.0}expirationDate.sort" type="alfrescoDataType" indexed="true" stored="false" multiValued="false"></field>
      <field name="@{http://www.alfresco.org/model/wcmappmodel/1.0}primaryforminstancedata" type="alfrescoDataType" indexed="true" stored="false" multiValued="false"></field>
      <field name="@{http://www.alfresco.org/model/wcmappmodel/1.0}parentrenditionproperties" type="alfrescoDataType" indexed="true" stored="false" multiValued="false"></field>
      <field name="@{http://www.alfresco.org/model/wcmappmodel/1.0}defaultwebapp" type="alfrescoDataType" indexed="true" stored="false" multiValued="false"></field>
      <field name="@{http://www.alfresco.org/model/wcmappmodel/1.0}deployattemptid" type="alfrescoDataType" indexed="true" stored="false" multiValued="false"></field>
      <field name="@{http://www.alfresco.org/model/wcmappmodel/1.0}deployserverusernameused" type="alfrescoDataType" indexed="true" stored="false" multiValued="false"></field>
      <field name="@{http://www.alfresco.org/model/wcmappmodel/1.0}username" type="alfrescoDataType" indexed="true" stored="false" multiValued="false"></field>
      <field name="@{http://www.alfresco.org/model/wcmappmodel/1.0}issource" type="alfrescoDataType" indexed="true" stored="false" multiValued="false"></field>
      <field name="@{http://www.alfresco.org/model/wcmappmodel/1.0}deployserverport" type="alfrescoDataType" indexed="true" stored="false" multiValued="false"></field>
      <field name="@{http://www.alfresco.org/model/wcmappmodel/1.0}previewprovidername" type="alfrescoDataType" indexed="true" stored="false" multiValued="false"></field>
      <field name="@{http://www.alfresco.org/model/wcmappmodel/1.0}deployfailedreason" type="alfrescoDataType" indexed="true" stored="false" multiValued="false"></field>
      <field name="@{http://www.alfresco.org/model/wcmappmodel/1.0}avmstore" type="alfrescoDataType" indexed="true" stored="false" multiValued="false"></field>
      <field name="@{http://www.alfresco.org/model/wcmappmodel/1.0}deploysourcepath" type="alfrescoDataType" indexed="true" stored="false" multiValued="false"></field>
      <field name="@{http://www.alfresco.org/model/wcmappmodel/1.0}deployserverusername" type="alfrescoDataType" indexed="true" stored="false" multiValued="false"></field>
      <field name="@{http://www.alfresco.org/model/wcmappmodel/1.0}xmlschemarootelementname" type="alfrescoDataType" indexed="true" stored="false" multiValued="false"></field>
      <field name="@{http://www.alfresco.org/model/wcmappmodel/1.0}deployattempttype" type="alfrescoDataType" indexed="true" stored="false" multiValued="false"></field>
      <field name="@{http://www.alfresco.org/model/wcmappmodel/1.0}xmlschema" type="alfrescoDataType" indexed="true" stored="false" multiValued="false"></field>
      <field name="@{http://www.alfresco.org/model/wcmappmodel/1.0}deployattemptstore" type="alfrescoDataType" indexed="true" stored="false" multiValued="false"></field>
      <field name="@{http://www.alfresco.org/model/wcmappmodel/1.0}deployonapproval" type="alfrescoDataType" indexed="true" stored="false" multiValued="false"></field>
      <field name="@{http://www.alfresco.org/model/wcmappmodel/1.0}deployattemptservers" type="alfrescoDataType" indexed="true" stored="false" multiValued="true"></field>
      <field name="@{http://www.alfresco.org/model/wcmappmodel/1.0}guid" type="alfrescoDataType" indexed="true" stored="false" multiValued="false"></field>
      <field name="@{http://www.alfresco.org/model/wcmappmodel/1.0}baserenderingenginetemplatename" type="alfrescoDataType" indexed="true" stored="false" multiValued="false"></field>
      <field name="@{http://www.alfresco.org/model/wcmappmodel/1.0}formname" type="alfrescoDataType" indexed="true" stored="false" multiValued="false"></field>
      <field name="@{http://www.alfresco.org/model/wcmappmodel/1.0}formsource" type="alfrescoDataType" indexed="true" stored="false" multiValued="false"></field>
      <field name="@{http://www.alfresco.org/model/wcmappmodel/1.0}parentformname" type="alfrescoDataType" indexed="true" stored="false" multiValued="false"></field>
      <field name="@{http://www.alfresco.org/model/wcmappmodel/1.0}deployservertarget" type="alfrescoDataType" indexed="true" stored="false" multiValued="false"></field>
      <field name="@{http://www.alfresco.org/model/application/1.0}icon" type="alfrescoDataType" indexed="true" stored="false" multiValued="false"></field>
      <field name="@{http://www.alfresco.org/model/application/1.0}approveFolder" type="alfrescoDataType" indexed="true" stored="false" multiValued="false"></field>
      <field name="@{http://www.alfresco.org/model/application/1.0}rejectMove" type="alfrescoDataType" indexed="true" stored="false" multiValued="false"></field>
      <field name="@{http://www.alfresco.org/model/application/1.0}approveMove" type="alfrescoDataType" indexed="true" stored="false" multiValued="false"></field>
      <field name="@{http://www.alfresco.org/model/application/1.0}rejectFolder" type="alfrescoDataType" indexed="true" stored="false" multiValued="false"></field>
      <field name="@{http://www.alfresco.org/model/application/1.0}template" type="alfrescoDataType" indexed="true" stored="false" multiValued="false"></field>
      <field name="@{http://www.alfresco.org/model/application/1.0}approveStep" type="alfrescoDataType" indexed="true" stored="false" multiValued="false"></field>
      <field name="@{http://www.alfresco.org/model/application/1.0}editInline" type="alfrescoDataType" indexed="true" stored="false" multiValued="false"></field>
      <field name="@{http://www.alfresco.org/model/application/1.0}rejectStep" type="alfrescoDataType" indexed="true" stored="false" multiValued="false"></field>
      <field name="@{http://www.alfresco.org/model/content/1.0}storeName" type="alfrescoDataType" indexed="true" stored="false" multiValued="false"></field>
      <field name="@{http://www.alfresco.org/model/content/1.0}organizationId" type="alfrescoDataType" indexed="true" stored="false" multiValued="false"></field>
      <field name="@{http://www.alfresco.org/model/content/1.0}publisher" type="alfrescoDataType" indexed="true" stored="false" multiValued="false"></field>
      <field name="@{http://www.alfresco.org/model/content/1.0}coverage" type="alfrescoDataType" indexed="true" stored="false" multiValued="false"></field>
      <field name="@{http://www.alfresco.org/model/content/1.0}modelActive" type="alfrescoDataType" indexed="true" stored="false" multiValued="false"></field>
      <field name="@{http://www.alfresco.org/model/content/1.0}homeFolderProvider" type="alfrescoDataType" indexed="true" stored="false" multiValued="false"></field>
      <field name="@{http://www.alfresco.org/model/content/1.0}authorityName" type="alfrescoDataType" indexed="true" stored="false" multiValued="false"></field>
      <field name="@{http://www.alfresco.org/model/content/1.0}ratedAt" type="alfrescoDataType" indexed="true" stored="true" multiValued="false"></field>
      <field name="@{http://www.alfresco.org/model/content/1.0}originator" type="alfrescoDataType" indexed="true" stored="false" multiValued="false"></field>
      <field name="@{http://www.alfresco.org/model/content/1.0}modelName" type="alfrescoDataType" indexed="true" stored="false" multiValued="false"></field>
      <field name="@{http://www.alfresco.org/model/content/1.0}jobtitle" type="alfrescoDataType" indexed="true" stored="false" multiValued="false"></field>
      <field name="@{http://www.alfresco.org/model/content/1.0}dcsource" type="alfrescoDataType" indexed="true" stored="false" multiValued="false"></field>
      <field name="@{http://www.alfresco.org/model/content/1.0}published" type="alfrescoDataType" indexed="true" stored="false" multiValued="false"></field>
      <field name="@{http://www.alfresco.org/model/content/1.0}published.sort" type="alfrescoDataType" indexed="true" stored="false" multiValued="false"></field>
      <field name="@{http://www.alfresco.org/model/content/1.0}description" type="alfrescoDataType" indexed="true" stored="false" multiValued="false"></field>
      <field name="@{http://www.alfresco.org/model/content/1.0}preferenceValues" type="alfrescoDataType" indexed="true" stored="false" multiValued="false"></field>
      <field name="@{http://www.alfresco.org/model/content/1.0}contributor" type="alfrescoDataType" indexed="true" stored="false" multiValued="false"></field>
      <field name="@{http://www.alfresco.org/model/content/1.0}addressee" type="alfrescoDataType" indexed="true" stored="false" multiValued="false"></field>
      <field name="@{http://www.alfresco.org/model/content/1.0}versionLabel" type="alfrescoDataType" indexed="true" stored="false" multiValued="false"></field>
      <field name="@{http://www.alfresco.org/model/content/1.0}addressees" type="alfrescoDataType" indexed="true" stored="false" multiValued="true"></field>
      <field name="@{http://www.alfresco.org/model/content/1.0}automaticUpdate" type="alfrescoDataType" indexed="true" stored="false" multiValued="false"></field>
      <field name="@{http://www.alfresco.org/model/content/1.0}latitude" type="alfrescoDataType" indexed="true" stored="false" multiValued="false"></field>
      <field name="@{http://www.alfresco.org/model/content/1.0}title" type="alfrescoDataType" indexed="true" stored="false" multiValued="false"></field>
      <field name="@{http://www.alfresco.org/model/content/1.0}author" type="alfrescoDataType" indexed="true" stored="false" multiValued="false"></field>
      <field name="@{http://www.alfresco.org/model/content/1.0}taggable" type="alfrescoDataType" indexed="true" stored="true" multiValued="true"></field>
      <field name="@{http://www.alfresco.org/model/content/1.0}googleusername" type="alfrescoDataType" indexed="true" stored="false" multiValued="false"></field>
      <field name="@{http://www.alfresco.org/model/content/1.0}to" type="alfrescoDataType" indexed="true" stored="false" multiValued="false"></field>
      <field name="@{http://www.alfresco.org/model/content/1.0}to.sort" type="alfrescoDataType" indexed="true" stored="false" multiValued="false"></field>
      <field name="@{http://www.alfresco.org/model/content/1.0}name" type="alfrescoDataType" indexed="true" stored="false" multiValued="false"></field>
      <field name="@{http://www.alfresco.org/model/content/1.0}companyfax" type="alfrescoDataType" indexed="true" stored="false" multiValued="false"></field>
      <field name="@{http://www.alfresco.org/model/content/1.0}defaultHomeFolderPath" type="alfrescoDataType" indexed="true" stored="false" multiValued="false"></field>
      <field name="@{http://www.alfresco.org/model/content/1.0}presenceUsername" type="alfrescoDataType" indexed="true" stored="false" multiValued="false"></field>
      <field name="@{http://www.alfresco.org/model/content/1.0}thumbnailName" type="alfrescoDataType" indexed="true" stored="false" multiValued="false"></field>
      <field name="@{http://www.alfresco.org/model/content/1.0}lastName" type="alfrescoDataType" indexed="true" stored="false" multiValued="false"></field>
      <field name="@{http://www.alfresco.org/model/content/1.0}subject" type="alfrescoDataType" indexed="true" stored="false" multiValued="false"></field>
      <field name="@{http://www.alfresco.org/model/content/1.0}noderef" type="alfrescoDataType" indexed="true" stored="false" multiValued="false"></field>
      <field name="@{http://www.alfresco.org/model/content/1.0}webscript" type="alfrescoDataType" indexed="true" stored="false" multiValued="false"></field>
      <field name="@{http://www.alfresco.org/model/content/1.0}companyemail" type="alfrescoDataType" indexed="true" stored="false" multiValued="false"></field>
      <field name="@{http://www.alfresco.org/model/content/1.0}location" type="alfrescoDataType" indexed="true" stored="false" multiValued="false"></field>
      <field name="@{http://www.alfresco.org/model/content/1.0}lockIsDeep" type="alfrescoDataType" indexed="true" stored="false" multiValued="false"></field>
      <field name="@{http://www.alfresco.org/model/content/1.0}from" type="alfrescoDataType" indexed="true" stored="false" multiValued="false"></field>
      <field name="@{http://www.alfresco.org/model/content/1.0}from.sort" type="alfrescoDataType" indexed="true" stored="false" multiValued="false"></field>
      <field name="@{http://www.alfresco.org/model/content/1.0}source" type="alfrescoDataType" indexed="true" stored="false" multiValued="false"></field>
      <field name="@{http://www.alfresco.org/model/content/1.0}summary" type="alfrescoDataType" indexed="true" stored="false" multiValued="false"></field>
      <field name="@{http://www.alfresco.org/model/content/1.0}created" type="alfrescoDataType" indexed="true" stored="false" multiValued="false"></field>
      <field name="@{http://www.alfresco.org/model/content/1.0}created.sort" type="alfrescoDataType" indexed="true" stored="false" multiValued="false"></field>
      <field name="@{http://www.alfresco.org/model/content/1.0}lockType" type="alfrescoDataType" indexed="true" stored="false" multiValued="false"></field>
      <field name="@{http://www.alfresco.org/model/content/1.0}updated" type="alfrescoDataType" indexed="true" stored="false" multiValued="false"></field>
      <field name="@{http://www.alfresco.org/model/content/1.0}updated.sort" type="alfrescoDataType" indexed="true" stored="false" multiValued="false"></field>
      <field name="@{http://www.alfresco.org/model/content/1.0}categories" type="alfrescoDataType" indexed="true" stored="true" multiValued="true"></field>
      <field name="@{http://www.alfresco.org/model/content/1.0}autoVersionOnUpdateProps" type="alfrescoDataType" indexed="true" stored="false" multiValued="false"></field>
      <field name="@{http://www.alfresco.org/model/content/1.0}type" type="alfrescoDataType" indexed="true" stored="false" multiValued="false"></field>
      <field name="@{http://www.alfresco.org/model/content/1.0}companyaddress3" type="alfrescoDataType" indexed="true" stored="false" multiValued="false"></field>
      <field name="@{http://www.alfresco.org/model/content/1.0}contentPropertyName" type="alfrescoDataType" indexed="true" stored="false" multiValued="false"></field>
      <field name="@{http://www.alfresco.org/model/content/1.0}ratingScore" type="alfrescoDataType" indexed="true" stored="true" multiValued="false"></field>
      <field name="@{http://www.alfresco.org/model/content/1.0}rights" type="alfrescoDataType" indexed="true" stored="false" multiValued="false"></field>
      <field name="@{http://www.alfresco.org/model/content/1.0}companytelephone" type="alfrescoDataType" indexed="true" stored="false" multiValued="false"></field>
      <field name="@{http://www.alfresco.org/model/content/1.0}skype" type="alfrescoDataType" indexed="true" stored="false" multiValued="false"></field>
      <field name="@{http://www.alfresco.org/model/content/1.0}owner" type="alfrescoDataType" indexed="true" stored="false" multiValued="false"></field>
      <field name="@{http://www.alfresco.org/model/content/1.0}hits" type="alfrescoDataType" indexed="true" stored="false" multiValued="false"></field>
      <field name="@{http://www.alfresco.org/model/content/1.0}template" type="alfrescoDataType" indexed="true" stored="false" multiValued="false"></field>
      <field name="@{http://www.alfresco.org/model/content/1.0}creator" type="alfrescoDataType" indexed="true" stored="false" multiValued="false"></field>
      <field name="@{http://www.alfresco.org/model/content/1.0}workingCopyMode" type="alfrescoDataType" indexed="true" stored="false" multiValued="false"></field>
      <field name="@{http://www.alfresco.org/model/content/1.0}homeFolder" type="alfrescoDataType" indexed="true" stored="false" multiValued="false"></field>
      <field name="@{http://www.alfresco.org/model/content/1.0}tagScopeCache" type="alfrescoDataType" indexed="true" stored="false" multiValued="false"></field>
      <field name="@{http://www.alfresco.org/model/content/1.0}presenceProvider" type="alfrescoDataType" indexed="true" stored="false" multiValued="false"></field>
      <field name="@{http://www.alfresco.org/model/content/1.0}modelPublishedDate" type="alfrescoDataType" indexed="true" stored="false" multiValued="false"></field>
      <field name="@{http://www.alfresco.org/model/content/1.0}instantmsg" type="alfrescoDataType" indexed="true" stored="false" multiValued="false"></field>
      <field name="@{http://www.alfresco.org/model/content/1.0}lockOwner" type="alfrescoDataType" indexed="true" stored="false" multiValued="false"></field>
      <field name="@{http://www.alfresco.org/model/content/1.0}authorityDisplayName" type="alfrescoDataType" indexed="true" stored="false" multiValued="false"></field>
      <field name="@{http://www.alfresco.org/model/content/1.0}content" type="alfrescoDataType" indexed="true" stored="false" multiValued="false"></field>
      <field name="@{http://www.alfresco.org/model/content/1.0}destination" type="alfrescoDataType" indexed="true" stored="false" multiValued="false"></field>
      <field name="@{http://www.alfresco.org/model/content/1.0}sizeQuota" type="alfrescoDataType" indexed="true" stored="false" multiValued="false"></field>
      <field name="@{http://www.alfresco.org/model/content/1.0}subjectline" type="alfrescoDataType" indexed="true" stored="false" multiValued="false"></field>
      <field name="@{http://www.alfresco.org/model/content/1.0}modelVersion" type="alfrescoDataType" indexed="true" stored="false" multiValued="false"></field>
      <field name="@{http://www.alfresco.org/model/content/1.0}autoVersion" type="alfrescoDataType" indexed="true" stored="false" multiValued="false"></field>
      <field name="@{http://www.alfresco.org/model/content/1.0}accessed" type="alfrescoDataType" indexed="true" stored="false" multiValued="false"></field>
      <field name="@{http://www.alfresco.org/model/content/1.0}accessed.sort" type="alfrescoDataType" indexed="true" stored="false" multiValued="false"></field>
      <field name="@{http://www.alfresco.org/model/content/1.0}firstName" type="alfrescoDataType" indexed="true" stored="false" multiValued="false"></field>
      <field name="@{http://www.alfresco.org/model/content/1.0}initialVersion" type="alfrescoDataType" indexed="true" stored="false" multiValued="false"></field>
      <field name="@{http://www.alfresco.org/model/content/1.0}userStatusTime" type="alfrescoDataType" indexed="true" stored="false" multiValued="false"></field>
      <field name="@{http://www.alfresco.org/model/content/1.0}mobile" type="alfrescoDataType" indexed="true" stored="false" multiValued="false"></field>
      <field name="@{http://www.alfresco.org/model/content/1.0}companypostcode" type="alfrescoDataType" indexed="true" stored="false" multiValued="false"></field>
      <field name="@{http://www.alfresco.org/model/content/1.0}email" type="alfrescoDataType" indexed="true" stored="false" multiValued="false"></field>
      <field name="@{http://www.alfresco.org/model/content/1.0}counter" type="alfrescoDataType" indexed="true" stored="false" multiValued="false"></field>
      <field name="@{http://www.alfresco.org/model/content/1.0}ratingScheme" type="alfrescoDataType" indexed="true" stored="true" multiValued="false"></field>
      <field name="@{http://www.alfresco.org/model/content/1.0}locale" type="alfrescoDataType" indexed="true" stored="false" multiValued="false"></field>
      <field name="@{http://www.alfresco.org/model/content/1.0}middleName" type="alfrescoDataType" indexed="true" stored="false" multiValued="false"></field>
      <field name="@{http://www.alfresco.org/model/content/1.0}organization" type="alfrescoDataType" indexed="true" stored="false" multiValued="false"></field>
      <field name="@{http://www.alfresco.org/model/content/1.0}expiryDate" type="alfrescoDataType" indexed="true" stored="false" multiValued="false"></field>
      <field name="@{http://www.alfresco.org/model/content/1.0}companyaddress2" type="alfrescoDataType" indexed="true" stored="false" multiValued="false"></field>
      <field name="@{http://www.alfresco.org/model/content/1.0}modelAuthor" type="alfrescoDataType" indexed="true" stored="false" multiValued="false"></field>
      <field name="@{http://www.alfresco.org/model/content/1.0}workingCopyOwner" type="alfrescoDataType" indexed="true" stored="false" multiValued="false"></field>
      <field name="@{http://www.alfresco.org/model/content/1.0}modifier" type="alfrescoDataType" indexed="true" stored="false" multiValued="false"></field>
      <field name="@{http://www.alfresco.org/model/content/1.0}userStatus" type="alfrescoDataType" indexed="true" stored="false" multiValued="false"></field>
      <field name="@{http://www.alfresco.org/model/content/1.0}telephone" type="alfrescoDataType" indexed="true" stored="false" multiValued="false"></field>
      <field name="@{http://www.alfresco.org/model/content/1.0}persondescription" type="alfrescoDataType" indexed="true" stored="false" multiValued="false"></field>
      <field name="@{http://www.alfresco.org/model/content/1.0}removeAfter" type="alfrescoDataType" indexed="true" stored="false" multiValued="false"></field>
      <field name="@{http://www.alfresco.org/model/content/1.0}removeAfter.sort" type="alfrescoDataType" indexed="true" stored="false" multiValued="false"></field>
      <field name="@{http://www.alfresco.org/model/content/1.0}modelDescription" type="alfrescoDataType" indexed="true" stored="false" multiValued="false"></field>
      <field name="@{http://www.alfresco.org/model/content/1.0}sizeCurrent" type="alfrescoDataType" indexed="true" stored="false" multiValued="false"></field>
      <field name="@{http://www.alfresco.org/model/content/1.0}userName" type="alfrescoDataType" indexed="true" stored="false" multiValued="false"></field>
      <field name="@{http://www.alfresco.org/model/content/1.0}companyaddress1" type="alfrescoDataType" indexed="true" stored="false" multiValued="false"></field>
      <field name="@{http://www.alfresco.org/model/content/1.0}identifier" type="alfrescoDataType" indexed="true" stored="false" multiValued="false"></field>
      <field name="@{http://www.alfresco.org/model/content/1.0}longitude" type="alfrescoDataType" indexed="true" stored="false" multiValued="false"></field>
      <field name="@{http://www.alfresco.org/model/content/1.0}modified" type="alfrescoDataType" indexed="true" stored="false" multiValued="false"></field>
      <field name="@{http://www.alfresco.org/model/content/1.0}modified.sort" type="alfrescoDataType" indexed="true" stored="false" multiValued="false"></field>
      <field name="@{http://www.alfresco.org/model/content/1.0}summaryWebscript" type="alfrescoDataType" indexed="true" stored="false" multiValued="false"></field>
      <field name="@{http://www.alfresco.org/model/content/1.0}sentdate" type="alfrescoDataType" indexed="true" stored="false" multiValued="false"></field>
      <field name="@{http://www.alfresco.org/model/content/1.0}sentdate.sort" type="alfrescoDataType" indexed="true" stored="false" multiValued="false"></field>
      <field name="@{http://www.alfresco.org/model/site/1.0}sitePreset" type="alfrescoDataType" indexed="true" stored="false" multiValued="false"></field>
      <field name="@{http://www.alfresco.org/model/site/1.0}siteVisibility" type="alfrescoDataType" indexed="true" stored="false" multiValued="false"></field>
      <field name="@{http://www.alfresco.org/model/sitecustomproperty/1.0}additionalInformation" type="alfrescoDataType" indexed="true" stored="false" multiValued="false"></field>
      <field name="@{http://www.alfresco.org/model/site/1.0}componentId" type="alfrescoDataType" indexed="true" stored="false" multiValued="false"></field>
   </fields>
   <uniqueKey>ID</uniqueKey>
   <defaultSearchField>ID</defaultSearchField>
</schema>